<?xml version="1.0"?>
<!DOCTYPE hibernate-mapping PUBLIC "-//Hibernate/Hibernate Mapping DTD 3.0//EN" "http://www.hibernate.org/dtd/hibernate-mapping-3.0.dtd">

<hibernate-mapping package="practice2">

	<class name="Product" table="Product">
	
		<id name="id" column="id">
			<generator class="increment"></generator>
		</id>
		
		<property name="product_name" type="string" column="probuct_name" />
		
		<property name="product_prise" type="int" column="probuct_prise" />
		
	</class>
</hibernate-mapping>